# User Insert
INSERT INTO User(USER_ID, USER_NAME, USER_PW, EMAIL, BIRTH, USER_IMG, NICKNAME, ACCOUNT_NO)
VALUES('jjpterdh', '정단호', '1234', 'danho823@naver.com', '1998-01-11', null, '호박', 1234567890),
      ('minjae09', '이민재', 'abcd', 'minjae09@gmail.com', '1995-03-22', null, '민짱', 1234567891),
      ('hyesun94', '박혜선', 'password1', 'hyesun94@daum.net', '1994-07-15', null, '선아', 1234567892),
      ('youngkim', '김영진', 'securepw', 'youngkim@hanmail.net', '1992-12-08', null, '영찌니', 1234567893);


# Quiz Insert
# 카테고리 1: OX, 2: 틀린그림찾기
INSERT INTO Quiz(QZ_CATEGORY, QZ_CONTENT, QZ_ANSWER, TIME_LIMIT)
VALUES
    (1, '금융상품 가입 시 예금자 보호가 가능한 상품은 보통 5천만 원까지 보호된다.', 'O', 10),
    (1, '주식시장에서 KOSDAQ은 대형주 중심의 시장이다.', 'X', 10),
    (1, '암호화폐는 법정화폐로 분류된다.', 'X', 10),
    (1, '적금은 매월 일정 금액을 저축하여 만기에 원금과 이자를 받는 금융상품이다.', 'O', 10),
    (1, '가계부채는 기업부채보다 국가 경제에 미치는 영향이 작다.', 'X', 10);

INSERT INTO Quiz(QZ_CATEGORY, QZ_CONTENT, QZ_ANSWER, TIME_LIMIT)
VALUES
    (2, 'https://example.com/images/puzzle1.png', '[2,4]', 10),
    (2, 'https://example.com/images/puzzle2.png', '[10,15]', 10),
    (2, 'https://example.com/images/puzzle3.png', '[8,12]', 10),
    (2, 'https://example.com/images/puzzle4.png', '[6,9]', 10),
    (2, 'https://example.com/images/puzzle5.png', '[14,7]', 10);


# Team Insert
INSERT INTO Team(TEAM_NO, TEAM_NAME, TEAM_START, TEAM_END)
VALUES
    (1, 'Team Alpha', '2024-11-10', '2024-12-10'),
    (2, 'Team Beta', '2024-11-13', '2024-12-13'),
    (3, 'Team Gamma', '2024-11-11', '2024-12-11'),
    (4, 'Team Delta', '2024-11-01', '2024-12-01'),
    (5, 'Team Epsilon', '2024-11-02', '2024-12-02');



# Team User Insert
-- Team 1
INSERT INTO TeamUser(TEAM_NO, USER_NO, CH_POINT, QZ_POINT, CH_TOTAL)
VALUES
    (1, 2, 100, 50, 150),
    (1, 3, 120, 40, 160),
    (1, 4, 90, 60, 150);

-- Team 2
INSERT INTO TeamUser(TEAM_NO, USER_NO, CH_POINT, QZ_POINT, CH_TOTAL)
VALUES
    (2, 13, 110, 50, 160),
    (2, 7, 95, 55, 150),
    (2, 8, 100, 60, 160);

-- Team 3
INSERT INTO TeamUser(TEAM_NO, USER_NO, CH_POINT, QZ_POINT, CH_TOTAL)
VALUES
    (3, 9, 85, 45, 130),
    (3, 2, 90, 40, 130),
    (3, 3, 80, 50, 130);

-- Team 4
INSERT INTO TeamUser(TEAM_NO, USER_NO, CH_POINT, QZ_POINT, CH_TOTAL)
VALUES
    (4, 4, 110, 70, 180),
    (4, 6, 105, 65, 170),
    (4, 8, 95, 55, 150);

-- Team 5
INSERT INTO TeamUser(TEAM_NO, USER_NO, CH_POINT, QZ_POINT, CH_TOTAL)
VALUES
    (5, 7, 120, 80, 200),
    (5, 9, 110, 70, 180),
    (5, 2, 115, 65, 180);


# Challenge Category Insert
# 1: 커피값 절약 2: 체크카드 이용하기 3: 점심값 절약 4: 교통비 절약 5: 주말 유흥 금지
INSERT INTO Challenge_category(CC_NO, CC_NAME)
VALUES
    (1, '커피값 절약'),
    (2, '체크카드 이용하기'),
    (3, '점심값 절약'),
    (4, '교통비 절약'),
    (5, '주말 유흥 금지');


# Challenge Insert
INSERT INTO Challenge(CH_START, CH_END, CH_LIMIT, TEAM_NO, CC_NO)
VALUES
    ('2024-11-10', '2024-12-10', 10000, 1, 1), -- 커피값 절약과 Team Alpha 매칭
    ('2024-11-13', '2024-12-13', 15000, 2, 2), -- 체크카드 이용하기와 Team Beta 매칭
    ('2024-11-11', '2024-12-11', 20000, 3, 3), -- 점심값 절약과 Team Gamma 매칭
    ('2024-11-01', '2024-12-01', 12000, 4, 4), -- 교통비 절약과 Team Delta 매칭
    ('2024-11-02', '2024-12-02', 18000, 5, 5); -- 주말 유흥 금지와 Team Epsilon 매칭



# Card Insert
# 카드 타입: 1: 체크카드 2: 신용카드
INSERT INTO Card(CARD_NO, USER_NO, CARD_NAME, CARD_NUMBER, EXPIRY_DATE, CARD_TYPE, CARD_COMPANY, BILLING_DATE, REGISTER_DATE)
VALUES
-- User 2: exampleUser
(1, 2, 'exampleUser 체크카드', '1234-5678-9012-3456', '2027-12', 1, 'KB국민카드', '2024-12-15', '2024-11-01'),
(2, 2, 'exampleUser 신용카드', '2345-6789-0123-4567', '2026-06', 2, 'KB국민카드', '2024-12-10', '2024-11-05'),

-- User 3: sampleUser123
(3, 3, 'sampleUser 체크카드', '3456-7890-1234-5678', '2028-03', 1, 'KB국민카드', '2024-12-20', '2024-11-07'),
(4, 3, 'sampleUser 신용카드', '4567-8901-2345-6789', '2026-10', 2, 'KB국민카드', '2024-12-12', '2024-11-09'),

-- User 4: test
(5, 4, 'test 체크카드', '5678-9012-3456-7890', '2028-01', 1, 'KB국민카드', '2024-12-25', '2024-11-12'),
(6, 4, 'test 신용카드', '6789-0123-4567-8901', '2025-07', 2, 'KB국민카드', '2024-12-08', '2024-11-15'),

-- User 6: jjpterdh
(7, 6, '정단호 체크카드', '7890-1234-5678-9012', '2027-05', 1, 'KB국민카드', '2024-12-18', '2024-11-20'),
(8, 6, '정단호 신용카드', '8901-2345-6789-0123', '2029-11', 2, 'KB국민카드', '2024-12-22', '2024-11-25'),

-- User 7: minjae09
(9, 7, '이민재 체크카드', '9012-3456-7890-1234', '2026-04', 1, 'KB국민카드', '2024-12-14', '2024-11-28'),
(10, 7, '이민재 신용카드', '0123-4567-8901-2345', '2025-08', 2, 'KB국민카드', '2024-12-09', '2024-11-30'),

-- User 8: hyesun94
(11, 8, '박혜선 체크카드', '3456-7890-1234-5678', '2029-03', 1, 'KB국민카드', '2024-12-16', '2024-12-01'),
(12, 8, '박혜선 신용카드', '4567-8901-2345-6789', '2025-06', 2, 'KB국민카드', '2024-12-10', '2024-12-03'),

-- User 9: youngkim
(13, 9, '김영진 체크카드', '5678-9012-3456-7890', '2028-08', 1, 'KB국민카드', '2024-12-19', '2024-12-05'),
(14, 9, '김영진 신용카드', '6789-0123-4567-8901', '2027-02', 2, 'KB국민카드', '2024-12-07', '2024-12-08');


# BuyHistory Insert
# HISTORY_CATEGORY 1: 유흥 2: 교통 3: 건강 4: 식비 5: 미용
INSERT INTO BuyHistory(HISTORY_NO, HISTORY_DATE, PRICE, HISTORY_CATEGORY, CARD_NO)
VALUES
-- Card 1: exampleUser 체크카드
(1, '2018-03-15 12:30:00', 12000, 4, 1), -- 식비
(2, '2019-05-22 18:45:00', 8000, 3, 1),  -- 건강
(3, '2020-07-19 20:10:00', 5000, 5, 1),  -- 미용
(4, '2021-11-10 07:50:00', 1500, 2, 1),  -- 교통
(5, '2022-04-25 22:30:00', 45000, 1, 1), -- 유흥

-- Card 2: exampleUser 신용카드
(6, '2018-06-05 21:15:00', 55000, 1, 2), -- 유흥
(7, '2019-08-10 13:30:00', 12000, 3, 2), -- 건강
(8, '2020-10-15 19:45:00', 9000, 5, 2), -- 미용
(9, '2021-03-11 08:00:00', 2500, 2, 2), -- 교통
(10, '2023-01-22 14:20:00', 12000, 4, 2), -- 식비

-- Card 3: sampleUser 체크카드
(11, '2018-09-12 07:30:00', 1800, 2, 3), -- 교통
(12, '2019-12-03 12:45:00', 5000, 5, 3), -- 미용
(13, '2020-05-19 20:30:00', 7500, 4, 3), -- 식비
(14, '2021-10-01 15:10:00', 13000, 3, 3), -- 건강
(15, '2023-02-17 19:40:00', 62000, 1, 3), -- 유흥

-- Card 4: sampleUser 신용카드
(16, '2018-04-18 16:20:00', 47000, 1, 4), -- 유흥
(17, '2019-07-15 09:00:00', 8500, 4, 4), -- 식비
(18, '2020-08-23 11:30:00', 10000, 5, 4), -- 미용
(19, '2022-06-12 14:50:00', 12000, 3, 4), -- 건강
(20, '2023-11-01 18:00:00', 2000, 2, 4), -- 교통

-- Card 5: test 체크카드
(21, '2018-02-20 10:00:00', 3500, 2, 5), -- 교통
(22, '2019-09-25 12:15:00', 8000, 4, 5), -- 식비
(23, '2020-11-29 16:30:00', 12000, 5, 5), -- 미용
(24, '2022-01-10 18:20:00', 14000, 3, 5), -- 건강
(25, '2023-08-19 22:00:00', 38000, 1, 5), -- 유흥

-- Card 6: test 신용카드
(26, '2018-05-05 17:15:00', 32000, 1, 6), -- 유흥
(27, '2019-03-14 07:20:00', 2200, 2, 6), -- 교통
(28, '2020-12-05 11:00:00', 10000, 4, 6), -- 식비
(29, '2022-07-30 13:45:00', 12000, 3, 6), -- 건강
(30, '2023-10-12 15:30:00', 8000, 5, 6), -- 미용

-- Card 7: 정단호 체크카드
(31, '2018-08-22 09:40:00', 1900, 2, 7), -- 교통
(32, '2019-11-14 20:15:00', 4500, 4, 7), -- 식비
(33, '2020-03-07 14:10:00', 9000, 3, 7), -- 건강
(34, '2021-06-25 18:50:00', 15000, 1, 7), -- 유흥
(35, '2023-04-20 13:00:00', 6500, 5, 7); -- 미용




select * from BuyHistory;
select * from Card;
select * from Challenge;
select * from Challenge_category;
select * from Team;
select * from TeamUser;
select * from User;
select * from Quiz;